{
    "temperature": [23.292499999999997, 22.7395, 22.662166666666668, 22.29933333333333, 21.865, 21.415000000000006, 21.02533333333333, 20.558166666666665, 20.246666666666666, 19.66583333333333, 18.519666666666666, 18.135500000000004, 17.844166666666663, 17.62983333333333, 18.724666666666668, 18.803833333333333, 20.74316666666666, 22.856666666666666, 23.733000000000008, 25.406999999999996, 26.981499999999997, 26.183500000000002, 28.51766666666667, 28.764666666666667, 28.796, 29.981, 28.210833333333337, 26.022666666666673, 24.80816666666667, 24.3805, 24.33],
    "humidity": [70.44000000000001, 70.53666666666669, 68.76666666666668, 67.895, 71.70333333333332, 76.335, 79.185, 79.56333333333335, 78.72833333333337, 83.09666666666664, 89.19499999999998, 87.68333333333334, 88.83833333333332, 90.3783333333333, 83.50333333333332, 85.90166666666666, 80.12166666666668, 70.88833333333334, 69.99166666666666, 66.81666666666666, 63.044999999999995, 65.45833333333337, 60.845, 59.45, 59.45833333333333, 56.31500000000001, 60.35500000000002, 66.77333333333333, 71.47333333333334, 58.51166666666666, 49.474999999999994],
    "airpressure": [940.8391166666668, 940.7340999999997, 940.4161833333334, 940.5494499999999, 940.8465833333332, 941.1072833333334, 941.1947166666664, 940.6954500000002, 940.7883166666668, 940.4325499999998, 940.1955666666664, 939.63695, 939.2560833333331, 939.0560833333335, 938.5857666666666, 938.3844833333332, 938.1203166666668, 937.7381666666665, 937.3688333333333, 937.0970166666666, 936.6096333333332, 936.0601166666667, 935.174766666667, 934.5415500000001, 933.9281833333332, 933.4160833333334, 933.0198833333333, 932.8834833333335, 932.8633666666667, 932.8266333333335, 932.6948571428572],
    "ambientlight": [186.475, 114.88999999999997, 113.32999999999998, 85.13, 89.73833333333333, 57.276666666666664, 62.04666666666668, 25.12999999999999, 24.138333333333332, 23.101666666666663, 23.003333333333337, 23.06666666666667, 24.51, 72.87166666666667, 89.36999999999999, 145.95000000000005, 272.0266666666667, 355.16, 305.01666666666665, 456.18500000000006, 456.35666666666674, 342.9216666666666, 717.1949999999998, 717.7666666666668, 717.5483333333332, 722.8066666666666, 300.49166666666673, 95.07333333333332, 83.1616666666667, 47.38166666666665, 27.771428571428572]
}