{"temperature":{"current":24.06,"min":17.62983333333333,"max":29.981},"humidity":{"current":52.3,"min":49.474999999999994,"max":90.3783333333333},"airpressure":{"current":932.647,"min":932.6948571428572,"max":941.1947166666664},"ambientlight":{"current":47.5,"min":23.003333333333337,"max":722.8066666666666}}